https://comic.k-manga.jp/title/95912/pv,95912
https://comic.k-manga.jp/title/94017/pv,94017
https://comic.k-manga.jp/title/109519/pv,109519
https://comic.k-manga.jp/title/95912/pv,95912A
https://comic.k-manga.jp/title/94017/pv,94017A
https://comic.k-manga.jp/title/109519/pv,109519A
https://comic.k-manga.jp/title/95912/pv,95912B
https://comic.k-manga.jp/title/94017/pv,94017B
https://comic.k-manga.jp/title/109519/pv,109519B
https://comic.k-manga.jp/title/95912/pv,95912C
https://comic.k-manga.jp/title/94017/pv,94017C
https://comic.k-manga.jp/title/109519/pv,109519C
https://comic.k-manga.jp/title/95912/pv,95912D
https://comic.k-manga.jp/title/94017/pv,94017D
https://comic.k-manga.jp/title/109519/pv,109519D
https://comic.k-manga.jp/title/95912/pv,95912E
https://comic.k-manga.jp/title/94017/pv,94017E
https://comic.k-manga.jp/title/109519/pv,109519E
https://comic.k-manga.jp/title/95912/pv,95912F
https://comic.k-manga.jp/title/94017/pv,94017F