https://video.unext.jp/book/title/BSD0000183438/BID0000849008,東京卍リベンジャーズ
https://video.unext.jp/book/title/BSD0000155396/BID0000678764,鬼滅の刃
https://video.unext.jp/book/title/BSD0000183438/BID0000849008,東京卍リベンジャーズ2
https://video.unext.jp/book/title/BSD0000155396/BID0000678764,鬼滅の刃2
https://video.unext.jp/book/title/BSD0000183438/BID0000849008,東京卍リベンジャーズ3
https://video.unext.jp/book/title/BSD0000155396/BID0000678764,鬼滅の刃3
https://video.unext.jp/book/title/BSD0000183438/BID0000849008,東京卍リベンジャーズ4
https://video.unext.jp/book/title/BSD0000155396/BID0000678764,鬼滅の刃4
https://video.unext.jp/book/title/BSD0000183438/BID0000849008,東京卍リベンジャーズ5
https://video.unext.jp/book/title/BSD0000155396/BID0000678764,鬼滅の刃5
https://video.unext.jp/book/title/BSD0000183438/BID0000849008,東京卍リベンジャーズa
https://video.unext.jp/book/title/BSD0000155396/BID0000678764,鬼滅の刃a
https://video.unext.jp/book/title/BSD0000183438/BID0000849008,東京卍リベンジャーズ2a
https://video.unext.jp/book/title/BSD0000155396/BID0000678764,鬼滅の刃2a
https://video.unext.jp/book/title/BSD0000183438/BID0000849008,東京卍リベンジャーズ3a
https://video.unext.jp/book/title/BSD0000155396/BID0000678764,鬼滅の刃3a
https://video.unext.jp/book/title/BSD0000183438/BID0000849008,東京卍リベンジャーズ4a
https://video.unext.jp/book/title/BSD0000155396/BID0000678764,鬼滅の刃4a
https://video.unext.jp/book/title/BSD0000183438/BID0000849008,東京卍リベンジャーズ5a
https://video.unext.jp/book/title/BSD0000155396/BID0000678764,鬼滅の刃5a